,사고번호,사고일시,요일,시군구,사고내용,사망자수,중상자수,경상자수,부상신고자수,사고유형,법규위반,노면상태,기상상태,도로형태,가해운전자 차종,가해운전자 성별,가해운전자 연령,가해운전자 상해정도,피해운전자 차종,피해운전자 성별,피해운전자 연령,피해운전자 상해정도
2891,2019092700100574,2019년 9월 27일 18시,금요일,전라남도 여수시 수정동,경상사고,0,0,3,0,차대사람 - 횡단중,보행자보호의무위반,포장 - 젖음/습기,비,교차로 - 교차로부근,승용,남,34세,상해없음,보행자,여,33세,경상
2892,2019092700100762,2019년 9월 27일 23시,금요일,전라남도 여수시 광무동,중상사고,0,1,0,0,차대사람 - 횡단중,과속,포장 - 건조,맑음,교차로 - 교차로안,승용,남,67세,상해없음,보행자,남,55세,중상
2893,2019092800100069,2019년 9월 28일 01시,토요일,전라남도 강진군 병영면,사망사고,1,0,0,0,차대사람 - 기타,안전운전불이행,포장 - 건조,맑음,단일로 - 기타,화물,남,47세,상해없음,보행자,남,35세,사망
2894,2019092800100316,2019년 9월 28일 12시,토요일,전라남도 장성군 장성읍,경상사고,0,0,1,0,차대사람 - 기타,안전운전불이행,포장 - 건조,맑음,단일로 - 기타,승용,여,46세,상해없음,보행자,남,37세,경상
2895,2019092800100369,2019년 9월 28일 13시,토요일,전라남도 진도군 군내면,부상신고사고,0,0,0,1,차대사람 - 기타,안전운전불이행,포장 - 건조,맑음,교차로 - 교차로안,승용,남,68세,상해없음,보행자,남,21세,부상신고
2896,2019092800100583,2019년 9월 28일 18시,토요일,전라남도 강진군 강진읍,경상사고,0,0,1,0,차대사람 - 기타,안전운전불이행,포장 - 건조,맑음,단일로 - 기타,이륜,남,71세,상해없음,보행자,여,59세,경상
2897,2019092800100772,2019년 9월 28일 23시,토요일,전라남도 영광군 영광읍,중상사고,0,1,0,0,차대사람 - 기타,안전운전불이행,포장 - 건조,맑음,주차장 - 주차장,승용,남,57세,상해없음,보행자,여,63세,중상
2898,2019092900100031,2019년 9월 29일 00시,일요일,전라남도 목포시 상동,경상사고,0,0,1,0,차대사람 - 횡단중,보행자보호의무위반,포장 - 건조,맑음,단일로 - 기타,승용,남,55세,상해없음,보행자,남,40세,경상
2899,2019092900100081,2019년 9월 29일 05시,일요일,전라남도 목포시 산정동,중상사고,0,1,0,0,차대사람 - 기타,중앙선침범,포장 - 건조,맑음,단일로 - 기타,승용,여,50세,상해없음,보행자,여,22세,중상
2900,2019092900100082,2019년 9월 29일 05시,일요일,전라남도 순천시 연향동,경상사고,0,0,1,0,차대사람 - 횡단중,신호위반,포장 - 건조,맑음,교차로 - 교차로횡단보도내,화물,남,68세,상해없음,보행자,남,43세,경상
2901,2019092900100164,2019년 9월 29일 10시,일요일,전라남도 순천시 덕암동,경상사고,0,0,1,0,차대사람 - 길가장자리구역통행중,안전운전불이행,포장 - 건조,맑음,단일로 - 기타,승용,남,48세,상해없음,보행자,여,65세,경상
2902,2019092900100221,2019년 9월 29일 12시,일요일,전라남도 목포시 산정동,경상사고,0,0,1,0,차대사람 - 기타,안전운전불이행,포장 - 건조,맑음,단일로 - 기타,승용,남,28세,상해없음,보행자,여,4세,경상
2903,2019092900100222,2019년 9월 29일 12시,일요일,전라남도 여수시 봉산동,경상사고,0,0,1,0,차대사람 - 기타,안전운전불이행,포장 - 건조,맑음,기타 - 기타,기타불명,기타불명,미분류,기타불명,보행자,남,62세,경상
2904,2019092900100278,2019년 9월 29일 14시,일요일,전라남도 무안군 운남면,사망사고,1,0,0,0,차대사람 - 기타,안전운전불이행,포장 - 건조,맑음,단일로 - 기타,화물,남,35세,상해없음,보행자,남,88세,사망
2905,2019092900100359,2019년 9월 29일 16시,일요일,전라남도 진도군 진도읍,중상사고,0,1,0,0,차대사람 - 횡단중,보행자보호의무위반,포장 - 건조,맑음,교차로 - 교차로횡단보도내,화물,남,67세,상해없음,보행자,여,4세,중상
2906,2019092900100398,2019년 9월 29일 17시,일요일,전라남도 순천시 장천동,경상사고,0,0,1,0,차대사람 - 기타,안전운전불이행,포장 - 건조,맑음,주차장 - 주차장,승합,남,56세,상해없음,보행자,남,32세,경상
2907,2019092900100434,2019년 9월 29일 18시,일요일,전라남도 광양시 옥곡면,경상사고,0,0,1,0,차대사람 - 기타,안전운전불이행,포장 - 건조,맑음,단일로 - 기타,승합,여,53세,상해없음,보행자,남,86세,경상
2908,2019092900100476,2019년 9월 29일 19시,일요일,전라남도 목포시 용당동,경상사고,0,0,1,0,차대사람 - 기타,안전운전불이행,포장 - 건조,맑음,주차장 - 주차장,화물,남,56세,상해없음,보행자,남,55세,경상
2909,2019093000100150,2019년 9월 30일 08시,월요일,전라남도 고흥군 포두면,경상사고,0,0,1,0,차대사람 - 길가장자리구역통행중,안전운전불이행,포장 - 건조,맑음,단일로 - 기타,화물,남,70세,상해없음,보행자,여,73세,경상
2910,2019093000100221,2019년 9월 30일 10시,월요일,전라남도 목포시 명륜동,중상사고,0,1,0,0,차대사람 - 기타,기타,포장 - 건조,맑음,단일로 - 기타,승합,남,54세,상해없음,보행자,여,79세,중상
2911,2019093000100330,2019년 9월 30일 13시,월요일,전라남도 화순군 화순읍,중상사고,0,2,1,0,차대사람 - 횡단중,신호위반,포장 - 건조,맑음,교차로 - 교차로횡단보도내,이륜,남,51세,경상,보행자,남,22세,중상
2912,2019093000100458,2019년 9월 30일 16시,월요일,전라남도 무안군 삼향읍,중상사고,0,1,0,0,차대사람 - 횡단중,신호위반,포장 - 건조,맑음,교차로 - 교차로횡단보도내,화물,남,76세,상해없음,보행자,여,53세,중상
2913,2019093000100731,2019년 9월 30일 23시,월요일,전라남도 순천시 조곡동,경상사고,0,0,1,0,차대사람 - 기타,안전운전불이행,포장 - 건조,맑음,단일로 - 기타,승용,여,50세,상해없음,보행자,여,77세,경상
2914,2019100100100065,2019년 10월 1일 04시,화요일,전라남도 목포시 해안동4가,경상사고,0,0,2,0,차대사람 - 기타,안전운전불이행,포장 - 건조,맑음,단일로 - 기타,이륜,남,17세,상해없음,보행자,남,60세,경상
2915,2019100100100474,2019년 10월 1일 17시,화요일,전라남도 무안군 삼향읍,경상사고,0,0,1,0,차대사람 - 횡단중,보행자보호의무위반,포장 - 젖음/습기,비,교차로 - 교차로횡단보도내,승용,남,48세,상해없음,보행자,여,7세,경상
2916,2019100100100530,2019년 10월 1일 18시,화요일,전라남도 여수시 안산동,경상사고,0,0,1,0,차대사람 - 횡단중,안전운전불이행,포장 - 젖음/습기,비,교차로 - 교차로안,승용,남,24세,상해없음,보행자,남,71세,경상
2917,2019100100100633,2019년 10월 1일 20시,화요일,전라남도 목포시 상동,경상사고,0,0,1,0,차대사람 - 기타,안전운전불이행,포장 - 건조,맑음,교차로 - 교차로부근,승용,남,45세,상해없음,보행자,남,33세,경상
2918,2019100100100691,2019년 10월 1일 22시,화요일,전라남도 여수시 여서동,경상사고,0,0,1,0,차대사람 - 횡단중,안전운전불이행,포장 - 건조,맑음,단일로 - 기타,승용,남,22세,상해없음,보행자,남,68세,경상
2919,2019100200100092,2019년 10월 2일 06시,수요일,전라남도 여수시 신기동,중상사고,0,1,0,0,차대사람 - 횡단중,보행자보호의무위반,포장 - 젖음/습기,비,교차로 - 교차로부근,승합,남,48세,상해없음,보행자,여,63세,중상
2920,2019100200100151,2019년 10월 2일 08시,수요일,전라남도 여수시 문수동,중상사고,0,1,0,0,차대사람 - 횡단중,안전운전불이행,포장 - 젖음/습기,비,교차로 - 교차로안,승용,남,58세,상해없음,보행자,여,18세,중상
2921,2019100200100433,2019년 10월 2일 15시,수요일,전라남도 함평군 함평읍,중상사고,0,1,0,0,차대사람 - 횡단중,안전운전불이행,포장 - 건조,맑음,단일로 - 기타,승용,남,72세,상해없음,보행자,여,73세,중상
2922,2019100200100684,2019년 10월 2일 19시,수요일,전라남도 여수시 미평동,중상사고,0,1,0,0,차대사람 - 횡단중,안전운전불이행,포장 - 젖음/습기,비,교차로 - 교차로안,이륜,남,60세,상해없음,보행자,남,64세,중상
2923,2019100200100685,2019년 10월 2일 19시,수요일,전라남도 여수시 문수동,중상사고,0,1,0,0,차대사람 - 횡단중,보행자보호의무위반,포장 - 젖음/습기,비,교차로 - 교차로안,화물,남,64세,상해없음,보행자,남,66세,중상
2924,2019100200100872,2019년 10월 2일 22시,수요일,전라남도 목포시 산정동,중상사고,0,1,2,0,차대사람 - 횡단중,신호위반,포장 - 젖음/습기,비,교차로 - 교차로횡단보도내,승용,여,26세,상해없음,보행자,여,51세,중상
2925,2019100300100203,2019년 10월 3일 08시,목요일,전라남도 곡성군 곡성읍,중상사고,0,1,0,0,차대사람 - 차도통행중,안전운전불이행,포장 - 젖음/습기,흐림,단일로 - 기타,승용,남,74세,상해없음,보행자,여,77세,중상
2926,2019100300100311,2019년 10월 3일 13시,목요일,전라남도 담양군 담양읍,경상사고,0,0,1,0,차대사람 - 기타,안전운전불이행,포장 - 건조,맑음,단일로 - 기타,승용,남,49세,상해없음,보행자,여,57세,경상
2927,2019100300100348,2019년 10월 3일 14시,목요일,전라남도 목포시 대의동3가,경상사고,0,0,1,0,차대사람 - 기타,안전운전불이행,포장 - 건조,맑음,교차로 - 교차로안,승용,남,42세,상해없음,보행자,남,55세,경상
2928,2019100300100485,2019년 10월 3일 18시,목요일,전라남도 순천시 연향동,경상사고,0,0,1,0,차대사람 - 횡단중,보행자보호의무위반,포장 - 건조,맑음,단일로 - 기타,이륜,남,17세,상해없음,보행자,여,50세,경상
2929,2019100400100214,2019년 10월 4일 10시,금요일,전라남도 고흥군 동강면,부상신고사고,0,0,0,1,차대사람 - 기타,안전운전불이행,포장 - 건조,맑음,단일로 - 기타,화물,남,63세,상해없음,보행자,여,86세,부상신고
2930,2019100400100248,2019년 10월 4일 11시,금요일,전라남도 순천시 덕암동,경상사고,0,0,1,0,차대사람 - 기타,보행자보호의무위반,포장 - 건조,맑음,단일로 - 기타,승용,남,26세,상해없음,보행자,남,13세,경상
2931,2019100400100249,2019년 10월 4일 11시,금요일,전라남도 영광군 영광읍,중상사고,0,1,0,0,차대사람 - 횡단중,안전운전불이행,포장 - 건조,맑음,단일로 - 기타,승용,여,39세,상해없음,보행자,남,75세,중상
2932,2019100400100298,2019년 10월 4일 12시,금요일,전라남도 무안군 무안읍,중상사고,0,1,0,0,차대사람 - 길가장자리구역통행중,안전운전불이행,포장 - 건조,맑음,단일로 - 기타,승용,남,78세,상해없음,보행자,여,59세,중상
2933,2019100400100400,2019년 10월 4일 14시,금요일,전라남도 장흥군 장흥읍,중상사고,0,1,0,0,차대사람 - 횡단중,안전운전불이행,포장 - 건조,맑음,단일로 - 기타,승용,남,81세,상해없음,보행자,남,12세,중상
2934,2019100400100485,2019년 10월 4일 16시,금요일,전라남도 화순군 북면,중상사고,0,1,0,0,차대사람 - 기타,안전운전불이행,포장 - 건조,맑음,단일로 - 기타,화물,남,64세,상해없음,보행자,남,79세,중상
2935,2019100400100577,2019년 10월 4일 18시,금요일,전라남도 함평군 학교면,사망사고,1,0,0,0,차대사람 - 횡단중,안전운전불이행,포장 - 건조,맑음,교차로 - 교차로부근,승용,여,55세,상해없음,보행자,여,82세,사망
2936,2019100500100029,2019년 10월 5일 00시,토요일,전라남도 여수시 문수동,경상사고,0,0,1,0,차대사람 - 횡단중,안전운전불이행,포장 - 건조,맑음,교차로 - 교차로횡단보도내,이륜,남,59세,상해없음,보행자,남,59세,경상
2937,2019100500100155,2019년 10월 5일 09시,토요일,전라남도 여수시 학동,경상사고,0,0,1,0,차대사람 - 횡단중,안전운전불이행,포장 - 건조,맑음,단일로 - 기타,승용,여,51세,상해없음,보행자,남,64세,경상
2938,2019100500100156,2019년 10월 5일 09시,토요일,전라남도 여수시 학동,중상사고,0,1,0,0,차대사람 - 횡단중,안전운전불이행,포장 - 건조,맑음,교차로 - 교차로부근,승용,여,51세,상해없음,보행자,남,33세,중상
2939,2019100500100157,2019년 10월 5일 09시,토요일,전라남도 곡성군 곡성읍,중상사고,0,1,0,0,차대사람 - 횡단중,안전운전불이행,포장 - 건조,맑음,단일로 - 기타,승용,남,69세,상해없음,보행자,남,80세,중상
2940,2019100500100246,2019년 10월 5일 12시,토요일,전라남도 순천시 서면,경상사고,0,0,1,0,차대사람 - 기타,안전운전불이행,포장 - 건조,맑음,단일로 - 기타,승용,여,56세,상해없음,보행자,남,19세,경상
2941,2019100500100390,2019년 10월 5일 16시,토요일,전라남도 무안군 삼향읍,중상사고,0,1,0,0,차대사람 - 기타,안전운전불이행,포장 - 건조,맑음,단일로 - 기타,자전거,남,17세,상해없음,보행자,여,62세,중상
2942,2019100600100064,2019년 10월 6일 03시,일요일,전라남도 순천시 조례동,경상사고,0,0,1,0,차대사람 - 기타,안전운전불이행,포장 - 건조,맑음,단일로 - 기타,화물,남,46세,상해없음,보행자,남,27세,경상
2943,2019100600100280,2019년 10월 6일 14시,일요일,전라남도 해남군 옥천면,중상사고,0,1,0,0,차대사람 - 기타,안전운전불이행,포장 - 건조,맑음,단일로 - 기타,건설기계,남,65세,상해없음,보행자,여,60세,중상
2944,2019100600100307,2019년 10월 6일 15시,일요일,전라남도 강진군 대구면,경상사고,0,0,1,0,차대사람 - 기타,안전운전불이행,포장 - 건조,맑음,단일로 - 기타,승용,남,37세,상해없음,보행자,여,39세,경상
2945,2019100700100314,2019년 10월 7일 12시,월요일,전라남도 목포시 남교동,중상사고,0,1,1,0,차대사람 - 횡단중,안전운전불이행,포장 - 젖음/습기,비,교차로 - 교차로부근,화물,남,56세,상해없음,보행자,남,54세,중상
2946,2019100700100375,2019년 10월 7일 14시,월요일,전라남도 목포시 연산동,경상사고,0,0,1,0,차대사람 - 횡단중,보행자보호의무위반,포장 - 건조,맑음,교차로 - 교차로부근,승용,남,41세,상해없음,보행자,남,8세,경상
2947,2019100700100607,2019년 10월 7일 19시,월요일,전라남도 순천시 연향동,사망사고,1,0,0,0,차대사람 - 기타,안전운전불이행,포장 - 건조,맑음,단일로 - 기타,승용,남,58세,상해없음,보행자,여,90세 이상,사망
2948,2019100700100681,2019년 10월 7일 21시,월요일,전라남도 광양시 중동,중상사고,0,1,0,0,차대사람 - 기타,안전운전불이행,포장 - 건조,맑음,단일로 - 기타,승용,여,49세,상해없음,보행자,여,3세,중상
2949,2019100800100052,2019년 10월 8일 01시,화요일,전라남도 나주시 대호동,경상사고,0,0,1,0,차대사람 - 횡단중,안전운전불이행,포장 - 건조,맑음,교차로 - 교차로안,승용,남,64세,상해없음,보행자,남,51세,경상
2950,2019100800100193,2019년 10월 8일 09시,화요일,전라남도 고흥군 도화면,중상사고,0,1,0,0,차대사람 - 기타,안전운전불이행,포장 - 건조,맑음,단일로 - 기타,화물,남,71세,상해없음,보행자,남,69세,중상
2951,2019100800100224,2019년 10월 8일 10시,화요일,전라남도 순천시 동외동,경상사고,0,0,1,0,차대사람 - 기타,안전운전불이행,포장 - 건조,맑음,단일로 - 기타,승용,여,63세,상해없음,보행자,남,61세,경상
2952,2019100800100271,2019년 10월 8일 11시,화요일,전라남도 장흥군 대덕읍,중상사고,0,1,0,0,차대사람 - 차도통행중,안전운전불이행,포장 - 건조,맑음,교차로 - 교차로안,화물,남,74세,상해없음,보행자,여,75세,중상
2953,2019100800100512,2019년 10월 8일 17시,화요일,전라남도 순천시 동외동,중상사고,0,1,0,0,차대사람 - 차도통행중,안전운전불이행,포장 - 건조,맑음,단일로 - 기타,승용,남,73세,상해없음,보행자,여,78세,중상
2954,2019100800100515,2019년 10월 8일 17시,화요일,전라남도 진도군 진도읍,경상사고,0,0,1,0,차대사람 - 횡단중,안전운전불이행,포장 - 건조,맑음,기타 - 기타,화물,남,67세,상해없음,보행자,남,70세,경상
2955,2019100800100722,2019년 10월 8일 21시,화요일,전라남도 목포시 산정동,경상사고,0,0,1,0,차대사람 - 기타,안전운전불이행,포장 - 건조,맑음,기타 - 기타,이륜,남,18세,상해없음,보행자,남,41세,경상
2956,2019100800100757,2019년 10월 8일 22시,화요일,전라남도 목포시 산정동,중상사고,0,1,0,0,차대사람 - 횡단중,신호위반,포장 - 건조,맑음,단일로 - 기타,승용,남,49세,상해없음,보행자,여,61세,중상
2957,2019100900100034,2019년 10월 9일 00시,수요일,전라남도 광양시 중동,경상사고,0,0,1,0,차대사람 - 기타,안전운전불이행,포장 - 건조,맑음,단일로 - 기타,승용,남,35세,상해없음,보행자,남,29세,경상
2958,2019100900100128,2019년 10월 9일 07시,수요일,전라남도 나주시 남평읍,경상사고,0,0,1,0,차대사람 - 횡단중,안전운전불이행,포장 - 건조,맑음,교차로 - 교차로안,승용,남,50세,상해없음,보행자,여,58세,경상
2959,2019100900100129,2019년 10월 9일 07시,수요일,전라남도 화순군 화순읍,경상사고,0,0,1,0,차대사람 - 기타,안전운전불이행,포장 - 건조,맑음,교차로 - 교차로안,승용,여,60세,상해없음,보행자,여,68세,경상
2960,2019100900100173,2019년 10월 9일 09시,수요일,전라남도 목포시 용해동,경상사고,0,0,1,0,차대사람 - 기타,안전운전불이행,포장 - 건조,맑음,기타 - 기타,승용,여,62세,상해없음,보행자,남,37세,경상
2961,2019100900100174,2019년 10월 9일 09시,수요일,전라남도 여수시 여서동,경상사고,0,0,1,0,차대사람 - 차도통행중,안전운전불이행,포장 - 건조,맑음,단일로 - 기타,승용,남,56세,상해없음,보행자,남,58세,경상
2962,2019100900100370,2019년 10월 9일 15시,수요일,전라남도 목포시 금화동,중상사고,0,2,0,0,차대사람 - 기타,안전운전불이행,포장 - 건조,맑음,기타 - 기타,승용,남,58세,상해없음,보행자,남,56세,중상
2963,2019100900100415,2019년 10월 9일 16시,수요일,전라남도 순천시 해룡면,중상사고,0,1,0,0,차대사람 - 차도통행중,안전운전불이행,포장 - 건조,맑음,교차로 - 교차로부근,승용,남,33세,상해없음,보행자,여,82세,중상
2964,2019100900100453,2019년 10월 9일 17시,수요일,전라남도 영암군 삼호읍,경상사고,0,0,1,0,차대사람 - 기타,안전운전불이행,포장 - 건조,맑음,주차장 - 주차장,승용,남,25세,상해없음,보행자,여,49세,경상
2965,2019100900100495,2019년 10월 9일 18시,수요일,전라남도 순천시 해룡면,경상사고,0,0,1,0,차대사람 - 차도통행중,안전운전불이행,포장 - 건조,맑음,단일로 - 기타,승용,남,37세,상해없음,보행자,여,5세,경상
2966,2019101000100318,2019년 10월 10일 13시,목요일,전라남도 목포시 용당동,중상사고,0,1,0,0,차대사람 - 기타,안전운전불이행,포장 - 건조,맑음,교차로 - 교차로안,승용,남,56세,상해없음,보행자,남,2세,중상
2967,2019101000100319,2019년 10월 10일 13시,목요일,전라남도 여수시 공화동,중상사고,0,1,0,0,차대사람 - 횡단중,보행자보호의무위반,포장 - 건조,맑음,단일로 - 기타,승용,남,35세,상해없음,보행자,여,71세,중상
2968,2019101000100405,2019년 10월 10일 15시,목요일,전라남도 무안군 삼향읍,중상사고,0,1,0,0,차대사람 - 횡단중,보행자보호의무위반,포장 - 건조,맑음,교차로 - 교차로횡단보도내,승용,남,47세,상해없음,보행자,남,10세,중상
2969,2019101000100408,2019년 10월 10일 15시,목요일,전라남도 여수시 학동,경상사고,0,0,1,0,차대사람 - 횡단중,안전운전불이행,포장 - 건조,맑음,단일로 - 기타,승용,여,56세,상해없음,보행자,여,45세,경상
2970,2019101000100496,2019년 10월 10일 17시,목요일,전라남도 구례군 마산면,사망사고,1,0,0,0,차대사람 - 횡단중,과속,포장 - 건조,맑음,교차로 - 교차로안,화물,남,20세,상해없음,보행자,여,82세,사망
2971,2019101000100649,2019년 10월 10일 20시,목요일,전라남도 목포시 석현동,경상사고,0,0,1,0,차대사람 - 기타,보행자보호의무위반,포장 - 건조,맑음,기타 - 기타,승용,남,85세,상해없음,보행자,여,32세,경상
2972,2019101100100087,2019년 10월 11일 05시,금요일,전라남도 광양시 광영동,중상사고,0,1,0,0,차대사람 - 횡단중,보행자보호의무위반,포장 - 건조,맑음,교차로 - 교차로횡단보도내,승용,남,68세,상해없음,보행자,남,86세,중상
2973,2019101100100157,2019년 10월 11일 08시,금요일,전라남도 목포시 산정동,중상사고,0,1,0,0,차대사람 - 횡단중,안전운전불이행,포장 - 건조,맑음,단일로 - 기타,승용,여,28세,상해없음,보행자,여,66세,중상
2974,2019101100100202,2019년 10월 11일 09시,금요일,전라남도 목포시 상락동1가,중상사고,0,1,0,0,차대사람 - 기타,안전운전불이행,포장 - 건조,맑음,교차로 - 교차로부근,화물,남,25세,상해없음,보행자,여,67세,중상
2975,2019101100100412,2019년 10월 11일 15시,금요일,전라남도 목포시 용해동,경상사고,0,0,1,0,차대사람 - 기타,안전운전불이행,포장 - 건조,맑음,단일로 - 기타,기타불명,기타불명,미분류,기타불명,보행자,남,23세,경상
2976,2019101100100413,2019년 10월 11일 15시,금요일,전라남도 순천시 연향동,경상사고,0,0,1,0,차대사람 - 기타,안전운전불이행,포장 - 건조,맑음,단일로 - 기타,이륜,남,30세,상해없음,보행자,남,41세,경상
2977,2019101100100656,2019년 10월 11일 19시,금요일,전라남도 나주시 왕곡면,경상사고,0,0,1,0,차대사람 - 기타,안전운전불이행,포장 - 건조,맑음,단일로 - 기타,승용,남,53세,상해없음,보행자,남,61세,경상
2978,2019101100100764,2019년 10월 11일 22시,금요일,전라남도 여수시 미평동,경상사고,0,0,1,0,차대사람 - 기타,안전운전불이행,포장 - 건조,맑음,단일로 - 기타,승용,남,53세,상해없음,보행자,여,41세,경상
2979,2019101200100037,2019년 10월 12일 00시,토요일,전라남도 여수시 학동,경상사고,0,0,2,0,차대사람 - 횡단중,안전운전불이행,포장 - 건조,맑음,교차로 - 교차로횡단보도내,승용,여,55세,기타불명,보행자,남,27세,경상
2980,2019101200100148,2019년 10월 12일 08시,토요일,전라남도 순천시 황전면,사망사고,1,0,0,0,차대사람 - 기타,안전운전불이행,포장 - 젖음/습기,안개,교차로 - 교차로부근,화물,남,76세,상해없음,보행자,여,76세,사망
2981,2019101200100266,2019년 10월 12일 11시,토요일,전라남도 고흥군 도양읍,중상사고,0,1,0,0,차대사람 - 횡단중,안전운전불이행,포장 - 건조,맑음,교차로 - 교차로안,승용,남,63세,상해없음,보행자,여,72세,중상
2982,2019101200100316,2019년 10월 12일 12시,토요일,전라남도 화순군 화순읍,중상사고,0,1,0,0,차대사람 - 기타,안전운전불이행,포장 - 건조,맑음,기타 - 기타,승용,남,74세,상해없음,보행자,여,66세,중상
2983,2019101200100360,2019년 10월 12일 13시,토요일,전라남도 목포시 용당동,경상사고,0,0,1,0,차대사람 - 기타,안전운전불이행,포장 - 건조,맑음,단일로 - 기타,화물,남,68세,상해없음,보행자,남,67세,경상
2984,2019101200100364,2019년 10월 12일 13시,토요일,전라남도 장흥군 장흥읍,경상사고,0,0,1,0,차대사람 - 기타,안전운전불이행,포장 - 건조,맑음,단일로 - 기타,승용,남,41세,상해없음,보행자,남,62세,경상
2985,2019101200100415,2019년 10월 12일 14시,토요일,전라남도 장흥군 장흥읍,중상사고,0,1,0,0,차대사람 - 기타,안전운전불이행,포장 - 건조,맑음,주차장 - 주차장,승합,남,72세,상해없음,보행자,여,78세,중상
2986,2019101200100561,2019년 10월 12일 17시,토요일,전라남도 함평군 학교면,경상사고,0,0,1,0,차대사람 - 차도통행중,안전운전불이행,포장 - 건조,맑음,교차로 - 교차로안,승용,남,46세,상해없음,보행자,남,50세,경상
2987,2019101200100689,2019년 10월 12일 20시,토요일,전라남도 여수시 미평동,중상사고,0,1,0,0,차대사람 - 횡단중,보행자보호의무위반,포장 - 건조,맑음,교차로 - 교차로횡단보도내,승용,남,50세,상해없음,보행자,여,10세,중상
2988,2019101200100690,2019년 10월 12일 20시,토요일,전라남도 순천시 행동,경상사고,0,0,1,0,차대사람 - 기타,안전운전불이행,포장 - 건조,맑음,단일로 - 기타,승합,남,25세,상해없음,보행자,남,64세,경상
2989,2019101300100023,2019년 10월 13일 00시,일요일,전라남도 목포시 죽교동,경상사고,0,0,1,0,차대사람 - 기타,보행자보호의무위반,포장 - 건조,맑음,단일로 - 기타,승용,남,29세,상해없음,보행자,남,47세,경상
2990,2019101300100090,2019년 10월 13일 06시,일요일,전라남도 진도군 임회면,중상사고,0,1,0,0,차대사람 - 기타,안전운전불이행,포장 - 건조,흐림,기타 - 기타,화물,남,38세,상해없음,보행자,여,60세,중상
2991,2019101300100264,2019년 10월 13일 14시,일요일,전라남도 목포시 죽교동,중상사고,0,1,0,0,차대사람 - 차도통행중,안전운전불이행,포장 - 건조,맑음,단일로 - 기타,승용,여,44세,상해없음,보행자,남,74세,중상
2992,2019101300100402,2019년 10월 13일 18시,일요일,전라남도 영암군 삼호읍,사망사고,1,0,0,0,차대사람 - 횡단중,안전운전불이행,포장 - 건조,맑음,교차로 - 교차로부근,승용,남,49세,상해없음,보행자,남,63세,사망
2993,2019101300100528,2019년 10월 13일 23시,일요일,전라남도 영암군 삼호읍,중상사고,0,1,0,0,차대사람 - 횡단중,신호위반,포장 - 건조,맑음,교차로 - 교차로안,승용,남,52세,상해없음,보행자,남,50세,중상
2994,2019101400100058,2019년 10월 14일 05시,월요일,전라남도 광양시 황금동,사망사고,1,0,0,0,차대사람 - 차도통행중,안전운전불이행,포장 - 건조,맑음,단일로 - 기타,특수,남,31세,상해없음,보행자,여,70세,사망
2995,2019101400100074,2019년 10월 14일 06시,월요일,전라남도 강진군 강진읍,중상사고,0,1,0,0,차대사람 - 기타,안전운전불이행,포장 - 건조,맑음,단일로 - 기타,승용,남,64세,상해없음,보행자,남,65세,중상
2996,2019101400100379,2019년 10월 14일 14시,월요일,전라남도 곡성군 석곡면,사망사고,1,0,0,0,차대사람 - 기타,안전운전불이행,포장 - 건조,맑음,단일로 - 기타,화물,남,65세,상해없음,보행자,여,60세,사망
2997,2019101400100460,2019년 10월 14일 16시,월요일,전라남도 여수시 국동,경상사고,0,0,1,0,차대사람 - 길가장자리구역통행중,안전운전불이행,포장 - 건조,맑음,교차로 - 교차로부근,승합,남,37세,상해없음,보행자,남,87세,경상
2998,2019101400100524,2019년 10월 14일 17시,월요일,전라남도 해남군 해남읍,경상사고,0,0,1,0,차대사람 - 기타,안전운전불이행,포장 - 건조,맑음,단일로 - 기타,화물,남,74세,기타불명,보행자,남,15세,경상
2999,2019101400100716,2019년 10월 14일 21시,월요일,전라남도 목포시 산정동,중상사고,0,1,0,0,차대사람 - 기타,안전운전불이행,포장 - 건조,맑음,단일로 - 기타,승용,남,54세,상해없음,보행자,남,56세,중상
3000,2019101400100717,2019년 10월 14일 21시,월요일,전라남도 여수시 화장동,중상사고,0,1,0,0,차대사람 - 횡단중,보행자보호의무위반,포장 - 건조,맑음,교차로 - 교차로횡단보도내,승용,남,41세,상해없음,보행자,남,53세,중상