,사고번호,사고일시,요일,시군구,사고내용,사망자수,중상자수,경상자수,부상신고자수,사고유형,법규위반,노면상태,기상상태,도로형태,가해운전자 차종,가해운전자 성별,가해운전자 연령,가해운전자 상해정도,피해운전자 차종,피해운전자 성별,피해운전자 연령,피해운전자 상해정도
3221,2019111600100386,2019년 11월 16일 14시,토요일,전라남도 순천시 풍덕동,중상사고,0,1,0,0,차대사람 - 기타,안전운전불이행,포장 - 건조,맑음,교차로 - 교차로안,승용,남,68세,상해없음,보행자,여,64세,중상
3222,2019111600100502,2019년 11월 16일 17시,토요일,전라남도 고흥군 고흥읍,경상사고,0,0,1,0,차대사람 - 횡단중,안전운전불이행,포장 - 건조,맑음,교차로 - 교차로안,화물,남,30세,상해없음,보행자,여,82세,경상
3223,2019111600100638,2019년 11월 16일 20시,토요일,전라남도 목포시 옥암동,경상사고,0,0,1,0,차대사람 - 기타,안전운전불이행,포장 - 건조,맑음,교차로 - 교차로부근,승용,여,51세,상해없음,보행자,여,57세,경상
3224,2019111600100670,2019년 11월 16일 21시,토요일,전라남도 순천시 조례동,중상사고,0,1,0,0,차대사람 - 기타,안전운전불이행,포장 - 건조,맑음,단일로 - 기타,승합,남,56세,상해없음,보행자,여,66세,중상
3225,2019111600100718,2019년 11월 16일 23시,토요일,전라남도 목포시 옥암동,경상사고,0,0,1,0,차대사람 - 기타,보행자보호의무위반,포장 - 건조,맑음,교차로 - 교차로횡단보도내,승용,남,28세,상해없음,보행자,남,50세,경상
3226,2019111700100242,2019년 11월 17일 13시,일요일,전라남도 화순군 화순읍,부상신고사고,0,0,0,1,차대사람 - 기타,안전운전불이행,포장 - 건조,맑음,단일로 - 기타,특수,남,32세,상해없음,보행자,여,23세,부상신고
3227,2019111700100290,2019년 11월 17일 15시,일요일,전라남도 화순군 화순읍,경상사고,0,0,1,0,차대사람 - 기타,안전운전불이행,포장 - 건조,맑음,교차로 - 교차로안,승용,남,41세,상해없음,보행자,남,8세,경상
3228,2019111700100476,2019년 11월 17일 19시,일요일,전라남도 여수시 종화동,경상사고,0,0,1,0,차대사람 - 횡단중,보행자보호의무위반,포장 - 젖음/습기,흐림,단일로 - 기타,승용,여,59세,상해없음,보행자,남,46세,경상
3229,2019111800100076,2019년 11월 18일 05시,월요일,전라남도 여수시 율촌면,중상사고,0,1,0,0,차대사람 - 차도통행중,안전운전불이행,포장 - 건조,맑음,단일로 - 기타,승용,남,49세,상해없음,보행자,남,51세,중상
3230,2019111800100090,2019년 11월 18일 06시,월요일,전라남도 목포시 용해동,경상사고,0,0,1,0,차대사람 - 횡단중,보행자보호의무위반,포장 - 건조,맑음,교차로 - 교차로부근,승용,여,59세,상해없음,보행자,여,24세,경상
3231,2019111800100161,2019년 11월 18일 08시,월요일,전라남도 순천시 조례동,경상사고,0,0,1,0,차대사람 - 차도통행중,안전운전불이행,포장 - 건조,맑음,교차로 - 교차로부근,승용,여,38세,상해없음,보행자,남,19세,경상
3232,2019111800100371,2019년 11월 18일 14시,월요일,전라남도 해남군 해남읍,경상사고,0,0,1,0,차대사람 - 횡단중,기타,포장 - 건조,맑음,단일로 - 기타,승용,남,40세,상해없음,보행자,남,10세,경상
3233,2019111800100561,2019년 11월 18일 18시,월요일,전라남도 신안군 암태면,중상사고,0,1,0,0,차대사람 - 횡단중,안전운전불이행,포장 - 젖음/습기,흐림,단일로 - 기타,승용,남,45세,상해없음,보행자,남,69세,중상
3234,2019111800100690,2019년 11월 18일 22시,월요일,전라남도 여수시 여서동,중상사고,0,1,0,0,차대사람 - 횡단중,보행자보호의무위반,포장 - 건조,맑음,단일로 - 기타,승용,여,42세,상해없음,보행자,남,54세,중상
3235,2019111800100691,2019년 11월 18일 22시,월요일,전라남도 여수시 화장동,경상사고,0,0,1,0,차대사람 - 차도통행중,안전운전불이행,포장 - 건조,맑음,단일로 - 기타,승용,남,31세,상해없음,보행자,남,39세,경상
3236,2019111900100260,2019년 11월 19일 10시,화요일,전라남도 목포시 용당동,중상사고,0,1,0,0,차대사람 - 차도통행중,중앙선침범,포장 - 건조,맑음,단일로 - 기타,승용,남,53세,상해없음,보행자,여,51세,중상
3237,2019111900100304,2019년 11월 19일 11시,화요일,전라남도 영암군 금정면,경상사고,0,0,1,0,차대사람 - 보도통행중,안전운전불이행,포장 - 건조,맑음,단일로 - 기타,특수,남,51세,상해없음,보행자,남,64세,경상
3238,2019111900100456,2019년 11월 19일 15시,화요일,전라남도 목포시 용해동,중상사고,0,1,0,0,차대사람 - 기타,안전운전불이행,포장 - 건조,맑음,단일로 - 기타,화물,남,60세,상해없음,보행자,남,18세,중상
3239,2019111900100660,2019년 11월 19일 19시,화요일,전라남도 여수시 화양면,중상사고,0,1,0,0,차대사람 - 길가장자리구역통행중,안전운전불이행,포장 - 건조,맑음,단일로 - 기타,승용,여,31세,상해없음,보행자,여,62세,중상
3240,2019112000100066,2019년 11월 20일 03시,수요일,전라남도 광양시 황금동,사망사고,1,0,0,0,차대사람 - 횡단중,안전운전불이행,포장 - 건조,맑음,단일로 - 기타,승용,남,68세,상해없음,보행자,여,79세,사망
3241,2019112000100122,2019년 11월 20일 07시,수요일,전라남도 여수시 국동,중상사고,0,1,0,0,차대사람 - 기타,안전운전불이행,포장 - 건조,맑음,단일로 - 기타,승용,여,52세,상해없음,보행자,여,64세,중상
3242,2019112000100499,2019년 11월 20일 16시,수요일,전라남도 목포시 죽교동,중상사고,0,1,0,0,차대사람 - 횡단중,안전운전불이행,포장 - 건조,맑음,교차로 - 교차로안,화물,남,34세,상해없음,보행자,여,60세,중상
3243,2019112000100502,2019년 11월 20일 16시,수요일,전라남도 무안군 일로읍,중상사고,0,1,0,0,차대사람 - 차도통행중,안전운전불이행,포장 - 건조,맑음,단일로 - 기타,화물,남,65세,상해없음,보행자,여,86세,중상
3244,2019112000100678,2019년 11월 20일 19시,수요일,전라남도 목포시 행복동1가,경상사고,0,0,1,0,차대사람 - 차도통행중,안전운전불이행,포장 - 건조,맑음,교차로 - 교차로안,승용,남,60세,상해없음,보행자,남,39세,경상
3245,2019112000100680,2019년 11월 20일 19시,수요일,전라남도 광양시 중동,경상사고,0,0,1,0,차대사람 - 횡단중,보행자보호의무위반,포장 - 건조,맑음,단일로 - 기타,승용,남,45세,상해없음,보행자,남,10세,경상
3246,2019112100100084,2019년 11월 21일 06시,목요일,전라남도 순천시 연향동,경상사고,0,0,1,0,차대사람 - 보도통행중,안전운전불이행,포장 - 건조,맑음,교차로 - 교차로횡단보도내,승용,남,75세,상해없음,보행자,여,58세,경상
3247,2019112100100458,2019년 11월 21일 16시,목요일,전라남도 담양군 창평면,경상사고,0,0,1,0,차대사람 - 기타,안전운전불이행,포장 - 건조,맑음,단일로 - 기타,승용,남,84세,상해없음,보행자,남,76세,경상
3248,2019112100100576,2019년 11월 21일 18시,목요일,전라남도 여수시 신월동,중상사고,0,1,0,0,차대사람 - 횡단중,보행자보호의무위반,포장 - 건조,맑음,교차로 - 교차로횡단보도내,승용,남,65세,상해없음,보행자,여,63세,중상
3249,2019112100100577,2019년 11월 21일 18시,목요일,전라남도 완도군 신지면,경상사고,0,0,1,0,차대사람 - 차도통행중,안전운전불이행,포장 - 건조,맑음,단일로 - 기타,기타불명,기타불명,미분류,기타불명,보행자,남,63세,경상
3250,2019112200100060,2019년 11월 22일 02시,금요일,전라남도 여수시 충무동,중상사고,0,1,0,0,차대사람 - 횡단중,안전운전불이행,포장 - 건조,맑음,단일로 - 기타,승용,여,63세,상해없음,보행자,남,58세,중상
3251,2019112200100218,2019년 11월 22일 09시,금요일,전라남도 순천시 연향동,중상사고,0,1,0,0,차대사람 - 횡단중,보행자보호의무위반,포장 - 건조,맑음,단일로 - 기타,승용,남,60세,상해없음,보행자,여,50세,중상
3252,2019112200100287,2019년 11월 22일 11시,금요일,전라남도 강진군 강진읍,경상사고,0,0,1,0,차대사람 - 차도통행중,안전운전불이행,포장 - 건조,맑음,단일로 - 기타,승용,남,71세,상해없음,보행자,남,56세,경상
3253,2019112200100447,2019년 11월 22일 15시,금요일,전라남도 목포시 용해동,경상사고,0,0,1,0,차대사람 - 횡단중,보행자보호의무위반,포장 - 건조,맑음,교차로 - 교차로안,승용,남,35세,상해없음,보행자,남,11세,경상
3254,2019112200100562,2019년 11월 22일 17시,금요일,전라남도 목포시 상동,경상사고,0,0,1,0,차대사람 - 기타,안전운전불이행,포장 - 건조,맑음,단일로 - 기타,승용,남,27세,상해없음,보행자,남,62세,경상
3255,2019112200100632,2019년 11월 22일 18시,금요일,전라남도 장성군 장성읍,중상사고,0,1,0,0,차대사람 - 기타,안전운전불이행,포장 - 건조,맑음,주차장 - 주차장,화물,남,45세,기타불명,보행자,여,78세,중상
3256,2019112200100735,2019년 11월 22일 20시,금요일,전라남도 나주시 남평읍,중상사고,0,1,0,0,차대사람 - 횡단중,안전운전불이행,포장 - 건조,맑음,단일로 - 기타,승용,여,37세,상해없음,보행자,남,11세,중상
3257,2019112300100095,2019년 11월 23일 05시,토요일,전라남도 여수시 화장동,중상사고,0,2,0,0,차대사람 - 차도통행중,신호위반,포장 - 건조,맑음,교차로 - 교차로부근,승용,여,68세,상해없음,보행자,여,73세,중상
3258,2019112300100174,2019년 11월 23일 09시,토요일,전라남도 목포시 용해동,경상사고,0,0,1,0,차대사람 - 기타,안전운전불이행,포장 - 건조,맑음,단일로 - 기타,승용,여,56세,상해없음,보행자,여,73세,경상
3259,2019112400100065,2019년 11월 24일 03시,일요일,전라남도 순천시 조례동,경상사고,0,0,1,0,차대사람 - 횡단중,보행자보호의무위반,포장 - 건조,맑음,교차로 - 교차로횡단보도내,승용,남,53세,상해없음,보행자,여,43세,경상
3260,2019112400100088,2019년 11월 24일 05시,일요일,전라남도 순천시 덕월동,중상사고,0,1,0,0,차대사람 - 차도통행중,안전운전불이행,포장 - 젖음/습기,비,교차로 - 교차로안,승용,남,82세,상해없음,보행자,여,72세,중상
3261,2019112400100153,2019년 11월 24일 10시,일요일,전라남도 나주시 삼도동,경상사고,0,0,1,0,차대사람 - 기타,안전운전불이행,포장 - 건조,맑음,단일로 - 기타,화물,남,74세,상해없음,보행자,여,64세,경상
3262,2019112500100278,2019년 11월 25일 12시,월요일,전라남도 목포시 석현동,중상사고,0,1,0,0,차대사람 - 기타,안전운전불이행,포장 - 건조,맑음,기타 - 기타,승용,남,20세,상해없음,보행자,여,68세,중상
3263,2019112500100279,2019년 11월 25일 12시,월요일,전라남도 담양군 가사문학면,중상사고,0,1,0,0,차대사람 - 길가장자리구역통행중,기타,포장 - 건조,맑음,단일로 - 기타,승합,남,60세,상해없음,보행자,여,79세,중상
3264,2019112500100379,2019년 11월 25일 15시,월요일,전라남도 목포시 대성동,경상사고,0,0,1,0,차대사람 - 횡단중,보행자보호의무위반,포장 - 건조,맑음,교차로 - 교차로부근,승용,남,35세,상해없음,보행자,여,9세,경상
3265,2019112600100296,2019년 11월 26일 12시,화요일,전라남도 목포시 산정동,중상사고,0,1,0,0,차대사람 - 기타,안전운전불이행,포장 - 건조,맑음,교차로 - 교차로부근,승합,남,45세,상해없음,보행자,여,84세,중상
3266,2019112600100445,2019년 11월 26일 16시,화요일,전라남도 장성군 장성읍,경상사고,0,0,1,0,차대사람 - 기타,안전운전불이행,포장 - 건조,맑음,단일로 - 기타,화물,남,71세,상해없음,보행자,여,82세,경상
3267,2019112600100485,2019년 11월 26일 17시,화요일,전라남도 장흥군 장흥읍,부상신고사고,0,0,0,1,차대사람 - 차도통행중,안전운전불이행,포장 - 건조,맑음,교차로 - 교차로안,승용,남,72세,기타불명,보행자,여,9세,부상신고
3268,2019112600100627,2019년 11월 26일 20시,화요일,전라남도 순천시 연향동,경상사고,0,0,1,0,차대사람 - 횡단중,안전운전불이행,포장 - 건조,맑음,단일로 - 기타,승용,남,36세,상해없음,보행자,여,83세,경상
3269,2019112700100078,2019년 11월 27일 06시,수요일,전라남도 순천시 해룡면,중상사고,0,1,0,0,차대사람 - 횡단중,안전운전불이행,포장 - 건조,맑음,교차로 - 교차로부근,승용,남,52세,상해없음,보행자,여,76세,중상
3270,2019112700100142,2019년 11월 27일 08시,수요일,전라남도 목포시 산정동,경상사고,0,0,1,0,차대사람 - 횡단중,신호위반,포장 - 건조,맑음,교차로 - 교차로횡단보도내,기타불명,기타불명,미분류,기타불명,보행자,여,7세,경상
3271,2019112700100144,2019년 11월 27일 08시,수요일,전라남도 곡성군 옥과면,중상사고,0,1,0,0,차대사람 - 기타,안전운전불이행,포장 - 건조,흐림,기타 - 기타,승용,여,47세,상해없음,보행자,여,32세,중상
3272,2019112700100267,2019년 11월 27일 12시,수요일,전라남도 함평군 함평읍,중상사고,0,1,0,0,차대사람 - 횡단중,안전운전불이행,포장 - 건조,맑음,교차로 - 교차로안,화물,남,76세,상해없음,보행자,남,85세,중상
3273,2019112700100420,2019년 11월 27일 16시,수요일,전라남도 여수시 서교동,경상사고,0,0,1,0,차대사람 - 기타,안전운전불이행,포장 - 건조,맑음,단일로 - 기타,승합,남,19세,기타불명,보행자,여,16세,경상
3274,2019112700100459,2019년 11월 27일 17시,수요일,전라남도 구례군 토지면,경상사고,0,0,1,0,차대사람 - 보도통행중,안전운전불이행,포장 - 건조,맑음,단일로 - 기타,승용,여,41세,상해없음,보행자,남,73세,경상
3275,2019112700100616,2019년 11월 27일 20시,수요일,전라남도 여수시 화장동,중상사고,0,2,0,0,차대사람 - 횡단중,보행자보호의무위반,포장 - 건조,맑음,교차로 - 교차로부근,승용,남,58세,상해없음,보행자,여,58세,중상
3276,2019112800100384,2019년 11월 28일 15시,목요일,전라남도 순천시 연향동,부상신고사고,0,0,0,1,차대사람 - 횡단중,안전운전불이행,포장 - 건조,맑음,단일로 - 기타,승용,여,41세,상해없음,보행자,남,64세,부상신고
3277,2019112800100417,2019년 11월 28일 16시,목요일,전라남도 여수시 충무동,중상사고,0,1,0,0,차대사람 - 횡단중,보행자보호의무위반,포장 - 건조,맑음,단일로 - 기타,승용,남,61세,상해없음,보행자,여,65세,중상
3278,2019112800100534,2019년 11월 28일 18시,목요일,전라남도 여수시 여서동,경상사고,0,0,1,0,차대사람 - 횡단중,신호위반,포장 - 건조,맑음,단일로 - 기타,승용,여,46세,상해없음,보행자,여,46세,경상
3279,2019112800100680,2019년 11월 28일 22시,목요일,전라남도 장성군 황룡면,경상사고,0,0,1,0,차대사람 - 기타,안전운전불이행,포장 - 건조,맑음,단일로 - 기타,승용,남,75세,상해없음,보행자,남,63세,경상
3280,2019112900100165,2019년 11월 29일 08시,금요일,전라남도 여수시 여서동,경상사고,0,0,1,0,차대사람 - 횡단중,보행자보호의무위반,포장 - 건조,맑음,단일로 - 기타,승용,남,38세,상해없음,보행자,여,62세,경상
3281,2019112900100168,2019년 11월 29일 08시,금요일,전라남도 함평군 나산면,중상사고,0,1,0,0,차대사람 - 횡단중,안전운전불이행,포장 - 건조,맑음,단일로 - 기타,승용,남,36세,상해없음,보행자,여,82세,중상
3282,2019112900100169,2019년 11월 29일 08시,금요일,전라남도 완도군 완도읍,중상사고,0,1,0,0,차대사람 - 기타,안전운전불이행,포장 - 건조,맑음,교차로 - 교차로안,승용,여,45세,상해없음,보행자,여,75세,중상
3283,2019112900100205,2019년 11월 29일 09시,금요일,전라남도 여수시 여서동,중상사고,0,1,0,0,차대사람 - 횡단중,보행자보호의무위반,포장 - 건조,맑음,교차로 - 교차로횡단보도내,승용,남,54세,상해없음,보행자,여,59세,중상
3284,2019112900100350,2019년 11월 29일 13시,금요일,전라남도 목포시 용당동,중상사고,0,1,0,0,차대사람 - 기타,안전운전불이행,포장 - 건조,맑음,단일로 - 기타,화물,남,72세,상해없음,보행자,여,83세,중상
3285,2019112900100444,2019년 11월 29일 15시,금요일,전라남도 순천시 연향동,중상사고,0,1,0,0,차대사람 - 보도통행중,안전운전불이행,포장 - 건조,맑음,교차로 - 교차로부근,승합,남,38세,상해없음,보행자,남,19세,중상
3286,2019112900100499,2019년 11월 29일 16시,금요일,전라남도 목포시 상동,경상사고,0,0,1,0,차대사람 - 기타,안전운전불이행,포장 - 건조,맑음,단일로 - 기타,승용,여,53세,상해없음,보행자,여,57세,경상
3287,2019113000100128,2019년 11월 30일 06시,토요일,전라남도 목포시 보광동1가,중상사고,0,1,0,0,차대사람 - 차도통행중,안전운전불이행,포장 - 건조,맑음,교차로 - 교차로부근,승용,남,48세,상해없음,보행자,남,69세,중상
3288,2019113000100224,2019년 11월 30일 10시,토요일,전라남도 순천시 가곡동,중상사고,0,1,0,0,차대사람 - 횡단중,안전운전불이행,포장 - 건조,맑음,교차로 - 교차로부근,승용,남,64세,상해없음,보행자,남,10세,중상
3289,2019113000100260,2019년 11월 30일 11시,토요일,전라남도 목포시 용해동,중상사고,0,1,0,0,차대사람 - 기타,보행자보호의무위반,포장 - 건조,맑음,교차로 - 교차로횡단보도내,승용,남,24세,상해없음,보행자,여,81세,중상
3290,2019113000100412,2019년 11월 30일 15시,토요일,전라남도 고흥군 금산면,부상신고사고,0,0,0,1,차대사람 - 길가장자리구역통행중,안전운전불이행,포장 - 건조,맑음,단일로 - 기타,승용,남,80세,상해없음,보행자,남,60세,부상신고
3291,2019113000100455,2019년 11월 30일 16시,토요일,전라남도 여수시 화양면,경상사고,0,0,1,0,차대사람 - 기타,안전운전불이행,포장 - 건조,맑음,단일로 - 기타,승합,남,55세,상해없음,보행자,여,69세,경상
3292,2019113000100506,2019년 11월 30일 17시,토요일,전라남도 순천시 연향동,경상사고,0,0,1,0,차대사람 - 기타,안전운전불이행,포장 - 건조,맑음,단일로 - 기타,승용,여,63세,상해없음,보행자,남,52세,경상
3293,2019113000100692,2019년 11월 30일 22시,토요일,전라남도 목포시 복만동,경상사고,0,0,1,0,차대사람 - 기타,안전운전불이행,포장 - 건조,맑음,교차로 - 교차로안,승용,남,62세,상해없음,보행자,남,40세,경상
3294,2019120100100037,2019년 12월 1일 00시,일요일,전라남도 여수시 중앙동,중상사고,0,1,0,0,차대사람 - 차도통행중,안전운전불이행,포장 - 젖음/습기,비,단일로 - 기타,승용,남,62세,상해없음,보행자,남,26세,중상
3295,2019120100100072,2019년 12월 1일 02시,일요일,전라남도 목포시 상동,중상사고,0,1,0,0,차대사람 - 기타,안전운전불이행,포장 - 건조,맑음,기타 - 기타,승용,남,18세,상해없음,보행자,남,44세,중상
3296,2019120100100386,2019년 12월 1일 17시,일요일,전라남도 여수시 교동,경상사고,0,0,1,0,차대사람 - 횡단중,신호위반,포장 - 젖음/습기,비,단일로 - 기타,승용,여,52세,상해없음,보행자,여,18세,경상
3297,2019120100100556,2019년 12월 1일 21시,일요일,전라남도 목포시 산정동,경상사고,0,0,1,0,차대사람 - 길가장자리구역통행중,안전운전불이행,포장 - 젖음/습기,비,교차로 - 교차로부근,승용,남,38세,상해없음,보행자,남,20세,경상
3298,2019120100100577,2019년 12월 1일 22시,일요일,전라남도 광양시 광양읍,중상사고,0,1,0,0,차대사람 - 횡단중,안전운전불이행,포장 - 젖음/습기,비,단일로 - 기타,승용,남,44세,상해없음,보행자,남,59세,중상
3299,2019120100100598,2019년 12월 1일 23시,일요일,전라남도 여수시 학동,경상사고,0,0,1,0,차대사람 - 차도통행중,안전운전불이행,포장 - 젖음/습기,흐림,교차로 - 교차로안,승용,남,65세,상해없음,보행자,남,28세,경상
3300,2019120200100121,2019년 12월 2일 08시,월요일,전라남도 고흥군 고흥읍,경상사고,0,0,1,0,차대사람 - 횡단중,안전운전불이행,포장 - 건조,맑음,교차로 - 교차로안,화물,남,60세,상해없음,보행자,여,48세,경상
3301,2019120200100337,2019년 12월 2일 15시,월요일,전라남도 나주시 대호동,경상사고,0,0,1,0,차대사람 - 차도통행중,안전운전불이행,포장 - 건조,맑음,단일로 - 기타,화물,남,78세,상해없음,보행자,여,21세,경상
3302,2019120300100241,2019년 12월 3일 11시,화요일,전라남도 여수시 서교동,경상사고,0,0,1,0,차대사람 - 기타,안전운전불이행,포장 - 건조,맑음,단일로 - 기타,승합,남,61세,상해없음,보행자,여,81세,경상
3303,2019120300100272,2019년 12월 3일 12시,화요일,전라남도 여수시 교동,경상사고,0,0,1,0,차대사람 - 차도통행중,안전운전불이행,포장 - 건조,맑음,단일로 - 기타,화물,남,53세,상해없음,보행자,여,57세,경상
3304,2019120300100317,2019년 12월 3일 13시,화요일,전라남도 목포시 용당동,중상사고,0,1,0,0,차대사람 - 기타,안전운전불이행,포장 - 건조,맑음,단일로 - 기타,기타불명,기타불명,미분류,기타불명,보행자,남,54세,중상
3305,2019120300100423,2019년 12월 3일 16시,화요일,전라남도 순천시 용당동,중상사고,0,1,0,0,차대사람 - 기타,안전운전불이행,포장 - 건조,맑음,단일로 - 기타,승용,여,37세,상해없음,보행자,여,59세,중상
3306,2019120400100115,2019년 12월 4일 05시,수요일,전라남도 목포시 상동,경상사고,0,0,2,0,차대사람 - 기타,안전운전불이행,포장 - 건조,맑음,교차로 - 교차로안,승용,남,61세,상해없음,보행자,여,24세,경상
3307,2019120400100259,2019년 12월 4일 09시,수요일,전라남도 장흥군 장흥읍,경상사고,0,0,1,0,차대사람 - 차도통행중,안전운전불이행,포장 - 건조,맑음,교차로 - 교차로안,승용,여,46세,상해없음,보행자,여,75세,경상
3308,2019120400100430,2019년 12월 4일 14시,수요일,전라남도 담양군 대전면,경상사고,0,0,1,0,차대사람 - 기타,안전운전불이행,포장 - 건조,맑음,교차로 - 교차로부근,화물,남,64세,상해없음,보행자,남,57세,경상
3309,2019120400100676,2019년 12월 4일 20시,수요일,전라남도 나주시 왕곡면,사망사고,1,0,0,0,차대사람 - 횡단중,안전운전불이행,포장 - 건조,맑음,교차로 - 교차로안,승합,남,48세,상해없음,보행자,남,58세,사망
3310,2019120400100739,2019년 12월 4일 23시,수요일,전라남도 순천시 가곡동,사망사고,1,0,0,0,차대사람 - 횡단중,안전운전불이행,포장 - 건조,맑음,교차로 - 교차로부근,승용,여,48세,상해없음,보행자,남,46세,사망
3311,2019120500100051,2019년 12월 5일 01시,목요일,전라남도 여수시 신기동,중상사고,0,1,0,0,차대사람 - 횡단중,신호위반,포장 - 건조,맑음,교차로 - 교차로부근,승용,남,64세,상해없음,보행자,남,37세,중상
3312,2019120500100074,2019년 12월 5일 04시,목요일,전라남도 무안군 현경면,사망사고,1,0,0,0,차대사람 - 기타,안전운전불이행,포장 - 건조,맑음,교차로 - 교차로횡단보도내,승합,남,40세,상해없음,보행자,남,52세,사망
3313,2019120500100092,2019년 12월 5일 06시,목요일,전라남도 완도군 완도읍,중상사고,0,1,0,0,차대사람 - 횡단중,보행자보호의무위반,포장 - 건조,맑음,단일로 - 기타,승용,남,42세,상해없음,보행자,남,74세,중상
3314,2019120500100115,2019년 12월 5일 07시,목요일,전라남도 목포시 대성동,사망사고,1,0,0,0,차대사람 - 횡단중,안전운전불이행,포장 - 건조,맑음,단일로 - 기타,승용,남,38세,상해없음,보행자,여,81세,사망
3315,2019120500100530,2019년 12월 5일 18시,목요일,전라남도 순천시 해룡면,경상사고,0,0,2,0,차대사람 - 차도통행중,안전운전불이행,포장 - 건조,맑음,교차로 - 교차로안,화물,남,52세,상해없음,보행자,여,48세,경상
3316,2019120500100576,2019년 12월 5일 19시,목요일,전라남도 목포시 상동,경상사고,0,0,2,0,차대사람 - 기타,중앙선침범,포장 - 건조,맑음,기타 - 기타,승용,여,48세,상해없음,보행자,여,59세,경상
3317,2019120500100610,2019년 12월 5일 20시,목요일,전라남도 장성군 장성읍,경상사고,0,0,1,0,차대사람 - 횡단중,보행자보호의무위반,포장 - 건조,맑음,교차로 - 교차로횡단보도내,승용,남,47세,상해없음,보행자,남,23세,경상
3318,2019120600100063,2019년 12월 6일 04시,금요일,전라남도 여수시 여서동,경상사고,0,0,1,0,차대사람 - 길가장자리구역통행중,안전운전불이행,포장 - 건조,맑음,단일로 - 기타,승용,남,45세,상해없음,보행자,남,38세,경상
3319,2019120600100087,2019년 12월 6일 06시,금요일,전라남도 광양시 마동,중상사고,0,2,0,0,차대사람 - 보도통행중,신호위반,포장 - 건조,맑음,교차로 - 교차로횡단보도내,화물,남,61세,상해없음,보행자,남,71세,중상
3320,2019120600100151,2019년 12월 6일 08시,금요일,전라남도 순천시 조례동,경상사고,0,0,1,0,차대사람 - 횡단중,보행자보호의무위반,포장 - 건조,맑음,교차로 - 교차로횡단보도내,승용,여,33세,상해없음,보행자,여,11세,경상
3321,2019120600100256,2019년 12월 6일 11시,금요일,전라남도 보성군 벌교읍,경상사고,0,0,1,0,차대사람 - 기타,안전운전불이행,포장 - 건조,맑음,단일로 - 기타,이륜,남,84세,상해없음,보행자,여,85세,경상
3322,2019120600100363,2019년 12월 6일 14시,금요일,전라남도 목포시 석현동,경상사고,0,0,1,0,차대사람 - 횡단중,보행자보호의무위반,포장 - 건조,맑음,교차로 - 교차로부근,승용,여,53세,상해없음,보행자,여,62세,경상
3323,2019120600100538,2019년 12월 6일 18시,금요일,전라남도 여수시 둔덕동,중상사고,0,1,0,0,차대사람 - 기타,안전운전불이행,포장 - 건조,맑음,단일로 - 기타,승용,남,38세,상해없음,보행자,남,56세,중상
3324,2019120600100689,2019년 12월 6일 21시,금요일,전라남도 목포시 용해동,중상사고,0,1,0,0,차대사람 - 기타,안전운전불이행,포장 - 건조,맑음,단일로 - 기타,승용,남,26세,상해없음,보행자,여,65세,중상
3325,2019120700100113,2019년 12월 7일 06시,토요일,전라남도 곡성군 삼기면,사망사고,1,0,0,0,차대사람 - 횡단중,안전운전불이행,포장 - 건조,맑음,단일로 - 기타,건설기계,남,44세,상해없음,보행자,여,81세,사망
3326,2019120700100139,2019년 12월 7일 08시,토요일,전라남도 진도군 진도읍,경상사고,0,0,1,0,차대사람 - 차도통행중,안전운전불이행,포장 - 건조,맑음,기타 - 기타,화물,남,73세,상해없음,보행자,여,67세,경상
3327,2019120700100219,2019년 12월 7일 11시,토요일,전라남도 나주시 노안면,사망사고,1,0,1,0,차대사람 - 보도통행중,안전운전불이행,포장 - 건조,맑음,교차로 - 교차로안,이륜,남,64세,경상,보행자,남,65세,사망
3328,2019120700100549,2019년 12월 7일 19시,토요일,전라남도 여수시 중앙동,중상사고,0,1,0,0,차대사람 - 차도통행중,안전운전불이행,포장 - 건조,맑음,단일로 - 기타,화물,남,23세,상해없음,보행자,남,53세,중상
3329,2019120700100620,2019년 12월 7일 21시,토요일,전라남도 광양시 광양읍,경상사고,0,0,1,0,차대사람 - 기타,안전운전불이행,포장 - 건조,맑음,단일로 - 기타,승용,여,29세,상해없음,보행자,남,60세,경상
3330,2019120800100034,2019년 12월 8일 00시,일요일,전라남도 목포시 상동,중상사고,0,1,0,0,차대사람 - 기타,안전운전불이행,포장 - 건조,맑음,단일로 - 기타,이륜,남,19세,기타불명,보행자,남,52세,중상