,사고번호,사고일시,요일,시군구,사고내용,사망자수,중상자수,경상자수,부상신고자수,사고유형,법규위반,노면상태,기상상태,도로형태,가해운전자 차종,가해운전자 성별,가해운전자 연령,가해운전자 상해정도,피해운전자 차종,피해운전자 성별,피해운전자 연령,피해운전자 상해정도
3331,2019120800100237,2019년 12월 8일 12시,일요일,전라남도 무안군 무안읍,경상사고,0,0,1,0,차대사람 - 횡단중,교차로운행방법위반,포장 - 건조,맑음,교차로 - 교차로안,승용,남,68세,상해없음,보행자,여,69세,경상
3332,2019120800100410,2019년 12월 8일 18시,일요일,전라남도 목포시 용해동,중상사고,0,1,0,0,차대사람 - 횡단중,안전운전불이행,포장 - 건조,맑음,단일로 - 기타,승용,남,59세,상해없음,보행자,남,59세,중상
3333,2019120800100411,2019년 12월 8일 18시,일요일,전라남도 영광군 염산면,중상사고,0,1,0,0,차대사람 - 횡단중,안전운전불이행,포장 - 건조,맑음,교차로 - 교차로부근,승용,여,39세,상해없음,보행자,남,59세,중상
3334,2019120800100438,2019년 12월 8일 19시,일요일,전라남도 장흥군 관산읍,경상사고,0,0,1,0,차대사람 - 길가장자리구역통행중,안전운전불이행,포장 - 건조,맑음,단일로 - 기타,화물,남,52세,상해없음,보행자,남,63세,경상
3335,2019120900100251,2019년 12월 9일 11시,월요일,전라남도 순천시 풍덕동,중상사고,0,1,0,0,차대사람 - 차도통행중,안전운전불이행,포장 - 건조,맑음,교차로 - 교차로안,승용,여,49세,상해없음,보행자,여,53세,중상
3336,2019120900100421,2019년 12월 9일 16시,월요일,전라남도 고흥군 고흥읍,경상사고,0,0,1,0,차대사람 - 횡단중,안전운전불이행,포장 - 건조,맑음,단일로 - 기타,승용,남,36세,상해없음,보행자,남,68세,경상
3337,2019120900100467,2019년 12월 9일 17시,월요일,전라남도 목포시 옥암동,경상사고,0,0,1,0,차대사람 - 기타,안전운전불이행,포장 - 건조,맑음,단일로 - 기타,승용,남,41세,상해없음,보행자,남,8세,경상
3338,2019121000100208,2019년 12월 10일 09시,화요일,전라남도 진도군 진도읍,중상사고,0,1,0,0,차대사람 - 횡단중,과속,포장 - 건조,맑음,단일로 - 기타,승용,남,66세,상해없음,보행자,여,71세,중상
3339,2019121000100260,2019년 12월 10일 11시,화요일,전라남도 순천시 조례동,경상사고,0,0,1,0,차대사람 - 기타,안전운전불이행,포장 - 건조,맑음,단일로 - 기타,승용,남,62세,상해없음,보행자,여,24세,경상
3340,2019121000100293,2019년 12월 10일 12시,화요일,전라남도 여수시 문수동,부상신고사고,0,0,0,1,차대사람 - 횡단중,안전운전불이행,포장 - 건조,맑음,교차로 - 교차로안,승용,남,59세,상해없음,보행자,남,78세,부상신고
3341,2019121000100294,2019년 12월 10일 12시,화요일,전라남도 순천시 동외동,경상사고,0,0,1,0,차대사람 - 횡단중,보행자보호의무위반,포장 - 건조,맑음,단일로 - 기타,승용,남,83세,상해없음,보행자,여,33세,경상
3342,2019121000100413,2019년 12월 10일 16시,화요일,전라남도 보성군 벌교읍,사망사고,1,0,0,0,차대사람 - 보도통행중,중앙선침범,포장 - 건조,맑음,단일로 - 기타,승합,여,55세,상해없음,보행자,여,78세,사망
3343,2019121000100628,2019년 12월 10일 20시,화요일,전라남도 여수시 교동,중상사고,0,1,0,0,차대사람 - 횡단중,신호위반,포장 - 건조,맑음,단일로 - 기타,승용,여,58세,상해없음,보행자,여,50세,중상
3344,2019121100100493,2019년 12월 11일 18시,수요일,전라남도 순천시 상사면,사망사고,1,0,0,0,차대사람 - 기타,안전운전불이행,포장 - 건조,맑음,단일로 - 기타,승용,남,28세,상해없음,보행자,여,85세,사망
3345,2019121100100494,2019년 12월 11일 18시,수요일,전라남도 순천시 조례동,중상사고,0,1,0,0,차대사람 - 기타,신호위반,포장 - 건조,맑음,교차로 - 교차로안,이륜,남,38세,상해없음,보행자,여,58세,중상
3346,2019121100100495,2019년 12월 11일 18시,수요일,전라남도 장흥군 장흥읍,중상사고,0,1,0,0,차대사람 - 기타,안전운전불이행,포장 - 건조,맑음,단일로 - 기타,승용,남,37세,상해없음,보행자,남,61세,중상
3347,2019121200100274,2019년 12월 12일 11시,목요일,전라남도 담양군 담양읍,경상사고,0,0,1,0,차대사람 - 차도통행중,안전운전불이행,포장 - 건조,맑음,단일로 - 기타,승용,여,73세,상해없음,보행자,남,83세,경상
3348,2019121200100332,2019년 12월 12일 13시,목요일,전라남도 여수시 남산동,중상사고,0,1,0,0,차대사람 - 보도통행중,안전운전불이행,포장 - 건조,맑음,단일로 - 기타,승용,여,76세,기타불명,보행자,남,68세,중상
3349,2019121200100392,2019년 12월 12일 15시,목요일,전라남도 여수시 둔덕동,중상사고,0,1,0,0,차대사람 - 차도통행중,기타,포장 - 건조,맑음,단일로 - 기타,승합,남,39세,상해없음,보행자,남,67세,중상
3350,2019121200100430,2019년 12월 12일 16시,목요일,전라남도 강진군 강진읍,중상사고,0,1,0,0,차대사람 - 기타,안전운전불이행,포장 - 건조,맑음,교차로 - 교차로부근,승용,남,46세,상해없음,보행자,여,77세,중상
3351,2019121200100475,2019년 12월 12일 17시,목요일,전라남도 장성군 황룡면,중상사고,0,1,0,0,차대사람 - 길가장자리구역통행중,안전운전불이행,포장 - 건조,맑음,단일로 - 기타,승용,남,69세,기타불명,보행자,여,66세,중상
3352,2019121200100662,2019년 12월 12일 21시,목요일,전라남도 여수시 학동,중상사고,0,1,0,0,차대사람 - 횡단중,보행자보호의무위반,포장 - 건조,맑음,교차로 - 교차로횡단보도내,화물,남,49세,상해없음,보행자,여,58세,중상
3353,2019121300100194,2019년 12월 13일 09시,금요일,전라남도 강진군 마량면,중상사고,0,1,0,0,차대사람 - 기타,안전운전불이행,포장 - 건조,맑음,교차로 - 교차로안,승용,남,68세,상해없음,보행자,남,75세,중상
3354,2019121300100195,2019년 12월 13일 09시,금요일,전라남도 광양시 광양읍,경상사고,0,0,1,0,차대사람 - 횡단중,안전운전불이행,포장 - 건조,맑음,단일로 - 기타,승용,여,34세,상해없음,보행자,남,5세,경상
3355,2019121300100277,2019년 12월 13일 12시,금요일,전라남도 장흥군 장동면,중상사고,0,1,0,0,차대사람 - 횡단중,신호위반,포장 - 건조,맑음,교차로 - 교차로안,승용,남,41세,상해없음,보행자,여,76세,중상
3356,2019121300100333,2019년 12월 13일 14시,금요일,전라남도 목포시 용해동,중상사고,0,1,0,0,차대사람 - 횡단중,보행자보호의무위반,포장 - 건조,맑음,교차로 - 교차로안,승용,남,35세,상해없음,보행자,남,65세,중상
3357,2019121300100432,2019년 12월 13일 16시,금요일,전라남도 강진군 강진읍,중상사고,0,1,0,0,차대사람 - 차도통행중,중앙선침범,포장 - 건조,맑음,단일로 - 기타,이륜,여,62세,상해없음,보행자,여,59세,중상
3358,2019121300100628,2019년 12월 13일 19시,금요일,전라남도 광양시 광영동,중상사고,0,1,0,0,차대사람 - 횡단중,안전운전불이행,포장 - 건조,맑음,교차로 - 교차로부근,승용,남,53세,상해없음,보행자,여,59세,중상
3359,2019121300100741,2019년 12월 13일 22시,금요일,전라남도 여수시 충무동,부상신고사고,0,0,0,1,차대사람 - 횡단중,안전운전불이행,포장 - 건조,맑음,단일로 - 기타,승용,남,63세,상해없음,보행자,남,65세,부상신고
3360,2019121400100143,2019년 12월 14일 06시,토요일,전라남도 영광군 영광읍,중상사고,0,1,0,0,차대사람 - 횡단중,보행자보호의무위반,포장 - 건조,맑음,단일로 - 기타,승용,남,25세,상해없음,보행자,남,39세,중상
3361,2019121400100285,2019년 12월 14일 10시,토요일,전라남도 보성군 벌교읍,경상사고,0,0,1,0,차대사람 - 보도통행중,보행자보호의무위반,포장 - 건조,맑음,교차로 - 교차로부근,승합,남,19세,상해없음,보행자,여,53세,경상
3362,2019121400100569,2019년 12월 14일 17시,토요일,전라남도 목포시 용당동,사망사고,2,0,0,0,차대사람 - 기타,안전운전불이행,포장 - 건조,맑음,단일로 - 기타,승용,남,26세,상해없음,보행자,남,67세,사망
3363,2019121400100741,2019년 12월 14일 21시,토요일,전라남도 여수시 선원동,경상사고,0,0,1,0,차대사람 - 기타,안전운전불이행,포장 - 건조,맑음,교차로 - 교차로부근,승용,남,39세,상해없음,보행자,여,53세,경상
3364,2019121500100025,2019년 12월 15일 00시,일요일,전라남도 여수시 학동,경상사고,0,0,1,0,차대사람 - 기타,안전운전불이행,포장 - 건조,맑음,단일로 - 기타,승용,남,52세,상해없음,보행자,남,21세,경상
3365,2019121500100185,2019년 12월 15일 10시,일요일,전라남도 여수시 돌산읍,중상사고,0,1,0,0,차대사람 - 기타,안전운전불이행,포장 - 건조,맑음,단일로 - 기타,승용,남,31세,상해없음,보행자,여,2세,중상
3366,2019121500100186,2019년 12월 15일 10시,일요일,전라남도 강진군 강진읍,경상사고,0,0,1,0,차대사람 - 횡단중,안전운전불이행,포장 - 건조,맑음,교차로 - 교차로부근,화물,남,59세,상해없음,보행자,남,80세,경상
3367,2019121500100355,2019년 12월 15일 16시,일요일,전라남도 화순군 도암면,경상사고,0,0,1,0,차대사람 - 횡단중,안전운전불이행,포장 - 건조,맑음,단일로 - 기타,화물,남,64세,상해없음,보행자,남,78세,경상
3368,2019121500100384,2019년 12월 15일 17시,일요일,전라남도 순천시 풍덕동,중상사고,0,1,0,0,차대사람 - 기타,보행자보호의무위반,포장 - 건조,맑음,교차로 - 교차로안,승용,남,59세,상해없음,보행자,남,68세,중상
3369,2019121600100074,2019년 12월 16일 05시,월요일,전라남도 여수시 소라면,사망사고,1,0,0,0,차대사람 - 기타,안전운전불이행,포장 - 건조,맑음,교차로 - 교차로안,승용,남,59세,상해없음,보행자,남,59세,사망
3370,2019121600100233,2019년 12월 16일 10시,월요일,전라남도 구례군 구례읍,중상사고,0,1,0,0,차대사람 - 기타,안전운전불이행,포장 - 건조,맑음,단일로 - 기타,승용,여,28세,상해없음,보행자,여,70세,중상
3371,2019121600100483,2019년 12월 16일 17시,월요일,전라남도 함평군 학교면,중상사고,0,1,1,0,차대사람 - 기타,안전운전불이행,포장 - 건조,맑음,단일로 - 기타,승용,남,53세,상해없음,보행자,남,60세,경상
3372,2019121600100546,2019년 12월 16일 18시,월요일,전라남도 영암군 영암읍,경상사고,0,0,1,0,차대사람 - 기타,안전운전불이행,포장 - 건조,맑음,교차로 - 교차로횡단보도내,승용,여,44세,상해없음,보행자,여,70세,경상
3373,2019121700100357,2019년 12월 17일 15시,화요일,전라남도 여수시 봉계동,경상사고,0,0,1,0,차대사람 - 횡단중,안전운전불이행,포장 - 건조,맑음,단일로 - 기타,승용,남,39세,상해없음,보행자,남,8세,경상
3374,2019121700100402,2019년 12월 17일 16시,화요일,전라남도 목포시 상동,경상사고,0,0,1,0,차대사람 - 기타,안전운전불이행,포장 - 건조,맑음,교차로 - 교차로부근,승용,남,52세,상해없음,보행자,여,48세,경상
3375,2019121700100614,2019년 12월 17일 22시,화요일,전라남도 순천시 연향동,경상사고,0,0,1,0,차대사람 - 차도통행중,보행자보호의무위반,포장 - 건조,맑음,교차로 - 교차로횡단보도내,승용,여,52세,상해없음,보행자,남,40세,경상
3376,2019121800100177,2019년 12월 18일 10시,수요일,전라남도 영광군 군남면,중상사고,0,1,0,0,차대사람 - 횡단중,안전운전불이행,포장 - 건조,맑음,단일로 - 기타,화물,남,51세,상해없음,보행자,남,72세,중상
3377,2019121800100268,2019년 12월 18일 13시,수요일,전라남도 목포시 상동,경상사고,0,0,1,0,차대사람 - 기타,안전운전불이행,포장 - 건조,맑음,단일로 - 기타,승용,남,48세,상해없음,보행자,남,24세,경상
3378,2019121800100451,2019년 12월 18일 18시,수요일,전라남도 순천시 연향동,경상사고,0,0,2,0,차대사람 - 횡단중,보행자보호의무위반,포장 - 건조,맑음,교차로 - 교차로횡단보도내,승용,남,67세,상해없음,보행자,여,13세,경상
3379,2019121900100183,2019년 12월 19일 09시,목요일,전라남도 장성군 장성읍,경상사고,0,0,2,0,차대사람 - 기타,안전운전불이행,포장 - 건조,맑음,단일로 - 기타,승합,남,55세,경상,보행자,여,17세,경상
3380,2019121900100391,2019년 12월 19일 15시,목요일,전라남도 여수시 여서동,중상사고,0,1,0,0,차대사람 - 횡단중,보행자보호의무위반,포장 - 건조,맑음,교차로 - 교차로부근,승용,남,32세,상해없음,보행자,여,69세,중상
3381,2019121900100428,2019년 12월 19일 16시,목요일,전라남도 구례군 구례읍,중상사고,0,1,0,0,차대사람 - 기타,보행자보호의무위반,포장 - 건조,맑음,교차로 - 교차로횡단보도내,화물,남,72세,상해없음,보행자,여,27세,중상
3382,2019121900100570,2019년 12월 19일 19시,목요일,전라남도 여수시 교동,중상사고,0,1,0,0,차대사람 - 횡단중,보행자보호의무위반,포장 - 건조,맑음,교차로 - 교차로횡단보도내,승용,남,68세,상해없음,보행자,남,64세,중상
3383,2019121900100667,2019년 12월 19일 22시,목요일,전라남도 목포시 상동,사망사고,1,0,0,0,차대사람 - 기타,보행자보호의무위반,포장 - 건조,흐림,단일로 - 기타,승용,남,51세,상해없음,보행자,여,22세,사망
3384,2019122000100044,2019년 12월 20일 01시,금요일,전라남도 순천시 서면,중상사고,0,1,2,0,차대사람 - 차도통행중,안전운전불이행,포장 - 건조,맑음,단일로 - 기타,승용,남,21세,경상,보행자,남,20세,중상
3385,2019122000100091,2019년 12월 20일 06시,금요일,전라남도 해남군 해남읍,사망사고,1,0,0,0,차대사람 - 횡단중,안전운전불이행,포장 - 건조,맑음,교차로 - 교차로안,승용,여,50세,상해없음,보행자,여,81세,사망
3386,2019122000100112,2019년 12월 20일 07시,금요일,전라남도 강진군 성전면,중상사고,0,1,0,0,차대사람 - 기타,안전운전불이행,포장 - 건조,맑음,교차로 - 교차로부근,특수,남,60세,기타불명,보행자,여,81세,중상
3387,2019122000100137,2019년 12월 20일 08시,금요일,전라남도 목포시 용해동,경상사고,0,0,1,0,차대사람 - 횡단중,신호위반,포장 - 건조,맑음,교차로 - 교차로횡단보도내,승용,여,43세,상해없음,보행자,여,10세,경상
3388,2019122000100332,2019년 12월 20일 14시,금요일,전라남도 화순군 화순읍,중상사고,0,1,0,0,차대사람 - 횡단중,보행자보호의무위반,포장 - 건조,맑음,교차로 - 교차로횡단보도내,화물,남,41세,상해없음,보행자,여,71세,중상
3389,2019122000100537,2019년 12월 20일 18시,금요일,전라남도 여수시 신월동,경상사고,0,0,1,0,차대사람 - 횡단중,보행자보호의무위반,포장 - 건조,맑음,단일로 - 기타,승용,여,73세,상해없음,보행자,여,69세,경상
3390,2019122000100538,2019년 12월 20일 18시,금요일,전라남도 여수시 문수동,중상사고,0,1,1,0,차대사람 - 횡단중,신호위반,포장 - 건조,맑음,교차로 - 교차로횡단보도내,이륜,남,30세,경상,보행자,여,59세,중상
3391,2019122000100595,2019년 12월 20일 19시,금요일,전라남도 여수시 신기동,경상사고,0,0,1,0,차대사람 - 길가장자리구역통행중,안전운전불이행,포장 - 건조,맑음,교차로 - 교차로안,기타불명,기타불명,미분류,기타불명,보행자,여,25세,경상
3392,2019122000100672,2019년 12월 20일 21시,금요일,전라남도 영광군 영광읍,경상사고,0,0,1,0,차대사람 - 횡단중,보행자보호의무위반,포장 - 건조,맑음,교차로 - 교차로횡단보도내,승용,남,53세,상해없음,보행자,남,9세,경상
3393,2019122100100393,2019년 12월 21일 16시,토요일,전라남도 여수시 신기동,부상신고사고,0,0,0,1,차대사람 - 횡단중,보행자보호의무위반,포장 - 건조,맑음,단일로 - 기타,승용,여,26세,상해없음,보행자,여,70세,부상신고
3394,2019122100100419,2019년 12월 21일 17시,토요일,전라남도 무안군 무안읍,중상사고,0,1,0,0,차대사람 - 기타,안전운전불이행,포장 - 건조,맑음,교차로 - 교차로안,승용,남,53세,상해없음,보행자,남,78세,중상
3395,2019122100100465,2019년 12월 21일 18시,토요일,전라남도 광양시 광양읍,중상사고,0,1,0,0,차대사람 - 횡단중,안전운전불이행,포장 - 건조,맑음,교차로 - 교차로부근,승용,남,36세,상해없음,보행자,여,12세,중상
3396,2019122200100440,2019년 12월 22일 19시,일요일,전라남도 광양시 다압면,중상사고,0,1,0,0,차대사람 - 길가장자리구역통행중,안전운전불이행,포장 - 건조,맑음,기타 - 기타,승용,여,43세,상해없음,보행자,남,52세,중상
3397,2019122300100306,2019년 12월 23일 13시,월요일,전라남도 해남군 북평면,경상사고,0,0,1,0,차대사람 - 기타,안전운전불이행,포장 - 건조,맑음,단일로 - 기타,화물,남,67세,상해없음,보행자,여,78세,경상
3398,2019122300100340,2019년 12월 23일 14시,월요일,전라남도 목포시 산정동,중상사고,0,1,0,0,차대사람 - 차도통행중,안전운전불이행,포장 - 건조,맑음,교차로 - 교차로부근,승용,여,27세,상해없음,보행자,남,7세,중상
3399,2019122300100556,2019년 12월 23일 19시,월요일,전라남도 신안군 지도읍,중상사고,0,1,0,0,차대사람 - 기타,안전운전불이행,포장 - 건조,맑음,단일로 - 기타,승용,남,60세,상해없음,보행자,남,73세,중상
3400,2019122300100583,2019년 12월 23일 20시,월요일,전라남도 고흥군 도양읍,중상사고,0,1,0,0,차대사람 - 기타,안전운전불이행,포장 - 건조,맑음,단일로 - 기타,승용,남,47세,상해없음,보행자,남,40세,중상
3401,2019122400100071,2019년 12월 24일 02시,화요일,전라남도 광양시 중동,경상사고,0,0,1,0,차대사람 - 기타,안전운전불이행,포장 - 건조,맑음,기타 - 기타,승용,여,50세,상해없음,보행자,남,45세,경상
3402,2019122400100107,2019년 12월 24일 06시,화요일,전라남도 완도군 군외면,중상사고,0,1,0,0,차대사람 - 기타,안전운전불이행,포장 - 건조,맑음,교차로 - 교차로안,승용,남,60세,상해없음,보행자,남,72세,중상
3403,2019122400100294,2019년 12월 24일 12시,화요일,전라남도 여수시 남산동,경상사고,0,0,1,0,차대사람 - 횡단중,안전운전불이행,포장 - 건조,맑음,교차로 - 교차로안,화물,남,60세,상해없음,보행자,남,88세,경상
3404,2019122400100439,2019년 12월 24일 16시,화요일,전라남도 해남군 해남읍,중상사고,0,1,0,0,차대사람 - 기타,안전운전불이행,포장 - 건조,맑음,단일로 - 기타,승용,여,55세,기타불명,보행자,여,63세,중상
3405,2019122400100621,2019년 12월 24일 19시,화요일,전라남도 고흥군 포두면,중상사고,0,1,1,0,차대사람 - 길가장자리구역통행중,안전운전불이행,포장 - 건조,맑음,단일로 - 기타,이륜,남,80세,경상,보행자,여,60세,중상
3406,2019122500100254,2019년 12월 25일 15시,수요일,전라남도 목포시 산정동,부상신고사고,0,0,0,1,차대사람 - 기타,안전운전불이행,포장 - 건조,맑음,단일로 - 기타,개인형이동수단(PM),여,6세,상해없음,보행자,남,44세,부상신고
3407,2019122500100303,2019년 12월 25일 17시,수요일,전라남도 영광군 백수읍,사망사고,1,0,0,0,차대사람 - 횡단중,안전운전불이행,포장 - 건조,맑음,단일로 - 기타,화물,남,69세,상해없음,보행자,여,77세,사망
3408,2019122600100026,2019년 12월 26일 00시,목요일,전라남도 여수시 문수동,중상사고,0,1,0,0,차대사람 - 횡단중,안전운전불이행,포장 - 건조,맑음,단일로 - 기타,승용,남,71세,상해없음,보행자,남,41세,중상
3409,2019122600100126,2019년 12월 26일 08시,목요일,전라남도 여수시 화장동,중상사고,0,1,0,0,차대사람 - 횡단중,안전운전불이행,포장 - 건조,맑음,단일로 - 기타,승용,남,68세,상해없음,보행자,여,69세,중상
3410,2019122600100178,2019년 12월 26일 10시,목요일,전라남도 여수시 군자동,중상사고,0,1,0,0,차대사람 - 기타,안전운전불이행,포장 - 건조,맑음,교차로 - 교차로안,승용,남,73세,상해없음,보행자,남,70세,중상
3411,2019122600100211,2019년 12월 26일 11시,목요일,전라남도 여수시 중앙동,중상사고,0,1,0,0,차대사람 - 횡단중,신호위반,포장 - 젖음/습기,비,단일로 - 기타,승합,남,47세,상해없음,보행자,남,79세,중상
3412,2019122600100243,2019년 12월 26일 12시,목요일,전라남도 순천시 해룡면,경상사고,0,0,1,0,차대사람 - 기타,안전운전불이행,포장 - 젖음/습기,맑음,교차로 - 교차로부근,승용,남,63세,상해없음,보행자,여,45세,경상
3413,2019122600100277,2019년 12월 26일 13시,목요일,전라남도 광양시 광양읍,경상사고,0,0,1,0,차대사람 - 기타,보행자보호의무위반,포장 - 젖음/습기,비,교차로 - 교차로횡단보도내,승용,남,70세,상해없음,보행자,여,57세,경상
3414,2019122600100314,2019년 12월 26일 14시,목요일,전라남도 순천시 조곡동,경상사고,0,0,1,0,차대사람 - 기타,안전운전불이행,포장 - 건조,맑음,단일로 - 기타,승용,남,54세,상해없음,보행자,남,83세,경상
3415,2019122600100421,2019년 12월 26일 17시,목요일,전라남도 장성군 삼서면,사망사고,1,0,0,0,차대사람 - 차도통행중,안전운전불이행,포장 - 젖음/습기,흐림,단일로 - 기타,승용,남,27세,상해없음,보행자,남,84세,사망
3416,2019122600100549,2019년 12월 26일 20시,목요일,전라남도 여수시 소호동,경상사고,0,0,1,0,차대사람 - 차도통행중,안전운전불이행,포장 - 건조,맑음,교차로 - 교차로부근,기타불명,기타불명,미분류,기타불명,보행자,남,27세,경상
3417,2019122600100608,2019년 12월 26일 22시,목요일,전라남도 보성군 벌교읍,중상사고,0,2,0,0,차대사람 - 차도통행중,안전운전불이행,포장 - 건조,맑음,단일로 - 기타,승용,남,42세,상해없음,보행자,남,44세,중상
3418,2019122700100030,2019년 12월 27일 00시,금요일,전라남도 목포시 옥암동,경상사고,0,0,1,0,차대사람 - 기타,교차로운행방법위반,포장 - 건조,맑음,교차로 - 교차로안,화물,남,45세,상해없음,보행자,여,49세,경상
3419,2019122700100066,2019년 12월 27일 03시,금요일,전라남도 목포시 죽교동,경상사고,0,0,1,0,차대사람 - 기타,안전운전불이행,포장 - 건조,맑음,단일로 - 기타,승용,여,68세,상해없음,보행자,남,51세,경상
3420,2019122700100173,2019년 12월 27일 09시,금요일,전라남도 화순군 화순읍,경상사고,0,0,1,0,차대사람 - 기타,안전운전불이행,포장 - 건조,맑음,단일로 - 기타,승용,여,27세,상해없음,보행자,여,56세,경상
3421,2019122700100201,2019년 12월 27일 10시,금요일,전라남도 고흥군 고흥읍,중상사고,0,1,0,0,차대사람 - 횡단중,보행자보호의무위반,포장 - 건조,맑음,교차로 - 교차로횡단보도내,승용,남,62세,상해없음,보행자,여,85세,중상
3422,2019122700100292,2019년 12월 27일 13시,금요일,전라남도 목포시 산정동,경상사고,0,0,1,0,차대사람 - 횡단중,안전운전불이행,포장 - 건조,맑음,단일로 - 기타,승용,남,59세,상해없음,보행자,남,72세,경상
3423,2019122700100440,2019년 12월 27일 17시,금요일,전라남도 여수시 학동,중상사고,0,1,0,0,차대사람 - 차도통행중,안전운전불이행,포장 - 건조,맑음,교차로 - 교차로안,승용,남,69세,상해없음,보행자,남,10세,중상
3424,2019122800100118,2019년 12월 28일 06시,토요일,전라남도 고흥군 풍양면,사망사고,1,0,0,0,차대사람 - 차도통행중,과속,포장 - 건조,맑음,단일로 - 기타,화물,남,63세,상해없음,보행자,남,60세,사망
3425,2019122800100237,2019년 12월 28일 12시,토요일,전라남도 목포시 석현동,부상신고사고,0,0,0,1,차대사람 - 차도통행중,안전운전불이행,포장 - 건조,맑음,단일로 - 기타,자전거,남,10세,상해없음,보행자,여,67세,부상신고
3426,2019122800100348,2019년 12월 28일 16시,토요일,전라남도 목포시 용해동,경상사고,0,0,1,0,차대사람 - 횡단중,안전운전불이행,포장 - 건조,맑음,교차로 - 교차로안,화물,남,52세,상해없음,보행자,남,75세,경상
3427,2019122800100431,2019년 12월 28일 18시,토요일,전라남도 목포시 산정동,중상사고,0,1,0,0,차대사람 - 기타,교차로운행방법위반,포장 - 건조,맑음,교차로 - 교차로안,승용,여,35세,상해없음,보행자,남,63세,중상
3428,2019122800100433,2019년 12월 28일 18시,토요일,전라남도 순천시 조례동,경상사고,0,0,1,0,차대사람 - 횡단중,안전운전불이행,포장 - 건조,맑음,단일로 - 기타,이륜,남,37세,기타불명,보행자,남,8세,경상
3429,2019122800100471,2019년 12월 28일 19시,토요일,전라남도 해남군 화산면,중상사고,0,1,0,0,차대사람 - 기타,안전운전불이행,포장 - 건조,맑음,단일로 - 기타,승용,여,44세,상해없음,보행자,남,87세,중상
3430,2019122900100304,2019년 12월 29일 18시,일요일,전라남도 여수시 웅천동,경상사고,0,0,1,0,차대사람 - 횡단중,안전운전불이행,포장 - 건조,맑음,교차로 - 교차로안,승용,남,30세,상해없음,보행자,여,29세,경상
3431,2019122900100444,2019년 12월 29일 22시,일요일,전라남도 순천시 가곡동,경상사고,0,0,1,0,차대사람 - 횡단중,신호위반,포장 - 건조,맑음,교차로 - 교차로부근,승용,남,41세,상해없음,보행자,여,28세,경상
3432,2019123000100060,2019년 12월 30일 05시,월요일,전라남도 보성군 회천면,중상사고,0,1,0,0,차대사람 - 횡단중,안전운전불이행,포장 - 건조,흐림,단일로 - 기타,승용,여,54세,상해없음,보행자,여,87세,중상
3433,2019123000100197,2019년 12월 30일 11시,월요일,전라남도 광양시 중동,경상사고,0,0,1,0,차대사람 - 횡단중,안전운전불이행,포장 - 건조,맑음,단일로 - 기타,승용,남,78세,상해없음,보행자,남,86세,경상
3434,2019123000100455,2019년 12월 30일 18시,월요일,전라남도 순천시 연향동,중상사고,0,1,0,0,차대사람 - 기타,안전운전불이행,포장 - 건조,맑음,단일로 - 기타,승용,남,62세,상해없음,보행자,남,66세,중상
3435,2019123000100601,2019년 12월 30일 22시,월요일,전라남도 영암군 삼호읍,중상사고,0,1,0,0,차대사람 - 차도통행중,안전운전불이행,포장 - 건조,흐림,교차로 - 교차로안,승용,남,48세,상해없음,보행자,남,71세,중상
3436,2019123100100205,2019년 12월 31일 11시,화요일,전라남도 영암군 시종면,경상사고,0,0,1,0,차대사람 - 기타,안전운전불이행,포장 - 젖음/습기,흐림,기타 - 기타,기타불명,기타불명,미분류,기타불명,보행자,남,59세,경상
3437,2019123100100266,2019년 12월 31일 13시,화요일,전라남도 순천시 연향동,중상사고,0,1,0,0,차대사람 - 차도통행중,신호위반,포장 - 건조,맑음,교차로 - 교차로안,화물,여,40세,상해없음,보행자,남,64세,중상
3438,2019123100100336,2019년 12월 31일 15시,화요일,전라남도 순천시 조례동,경상사고,0,0,1,0,차대사람 - 기타,안전운전불이행,포장 - 건조,맑음,단일로 - 기타,승용,남,33세,상해없음,보행자,남,70세,경상
3439,2019123100100523,2019년 12월 31일 19시,화요일,전라남도 여수시 신기동,경상사고,0,0,1,0,차대사람 - 횡단중,신호위반,포장 - 건조,맑음,교차로 - 교차로횡단보도내,승용,여,32세,상해없음,보행자,여,32세,경상